AA,n_AA,group
Ala,3,Mutated
Ala,0,Generated
Arg,6,Mutated
Arg,1,Generated
Asn,0,Mutated
Asn,3,Generated
Asp,1,Mutated
Asp,1,Generated
Cys,1,Mutated
Cys,1,Generated
Gln,1,Mutated
Gln,1,Generated
Glu,1,Mutated
Glu,1,Generated
Gly,6,Mutated
Gly,0,Generated
His,1,Mutated
His,1,Generated
Ile,0,Mutated
Ile,4,Generated
Met,1,Mutated
Met,2,Generated
Leu,1,Mutated
Leu,2,Generated
Lys,0,Mutated
Lys,3,Generated
Phe,0,Mutated
Phe,3,Generated
Pro,3,Mutated
Pro,0,Generated
Ser,3,Mutated
Ser,2,Generated
Thr,2,Mutated
Thr,1,Generated
Trp,1,Mutated
Trp,1,Generated
Tyr,0,Mutated
Tyr,2,Generated
Val,2,Mutated
Val,1,Generated
Stop,0,Mutated
Stop,3,Generated
