from,to,n,stop
Ala,Ala,1,FALSE
Ala,Thr,5,FALSE
Ala,Val,5,FALSE
Arg,Arg,3,FALSE
Arg,Cys,3,FALSE
Arg,Gln,3,FALSE
Arg,His,2,FALSE
Arg,Lys,3,FALSE
Arg,Stop,1,TRUE
Arg,Trp,1,FALSE
Asn,Asn,1,FALSE
Asp,Asn,2,FALSE
Asp,Asp,1,FALSE
Cys,Cys,1,FALSE
Cys,Tyr,2,FALSE
Gln,Gln,1,FALSE
Gln,Stop,2,TRUE
Glu,Glu,1,FALSE
Glu,Lys,3,FALSE
Gly,Arg,3,FALSE
Gly,Asn,2,FALSE
Gly,Asp,2,FALSE
Gly,Glu,3,FALSE
Gly,Gly,2,FALSE
Gly,Lys,3,FALSE
Gly,Ser,2,FALSE
His,His,1,FALSE
His,Tyr,3,FALSE
Ile,Ile,1,FALSE
Leu,Leu,5,FALSE
Leu,Phe,3,FALSE
Lys,Lys,1,FALSE
Met,Ile,1,FALSE
Phe,Phe,1,FALSE
Pro,Leu,7,FALSE
Pro,Phe,3,FALSE
Pro,Pro,2,FALSE
Pro,Ser,5,FALSE
Ser,Asn,2,FALSE
Ser,Leu,2,FALSE
Ser,Phe,3,FALSE
Ser,Ser,3,FALSE
Stop,Stop,2,TRUE
Thr,Ile,3,FALSE
Thr,Met,1,FALSE
Thr,Thr,2,FALSE
Thr,Val,1,FALSE
Trp,Stop,3,TRUE
Tyr,Tyr,1,FALSE
Val,Ile,4,FALSE
Val,Met,1,FALSE
Val,Val,2,FALSE
